{"TimeStamp":"Tue Jan 21 12:58:46 2025\n","Circuits":{"ExitCode":"0","TraceCount":"151","Mode":"SPICE","Type":"TIFullMode","Models":[{"ModelName":"X_U1.DX","FileName":"c:\\cds_spb_home\\cdssetup\\psptilibdir\\opa177.lib","ModelType":".model","DeviceType":"d","Source":"FROM_INC","isLibSigned":"true","isAllowed":"true"},{"ModelName":"X_U2.DX","FileName":"c:\\cds_spb_home\\cdssetup\\psptilibdir\\opa177.lib","ModelType":".model","DeviceType":"d","Source":"FROM_INC","isLibSigned":"true","isAllowed":"true"},{"ModelName":"X_U3.DX","FileName":"c:\\cds_spb_home\\cdssetup\\psptilibdir\\opa177.lib","ModelType":".model","DeviceType":"d","Source":"FROM_INC","isLibSigned":"true","isAllowed":"true"},{"ModelName":"X_U4.DX","FileName":"c:\\cds_spb_home\\cdssetup\\psptilibdir\\opa177.lib","ModelType":".model","DeviceType":"d","Source":"FROM_INC","isLibSigned":"true","isAllowed":"true"},{"ModelName":"X_U1.QX","FileName":"c:\\cds_spb_home\\cdssetup\\psptilibdir\\opa177.lib","ModelType":".model","DeviceType":"q","Source":"FROM_INC","isLibSigned":"true","isAllowed":"true"},{"ModelName":"X_U2.QX","FileName":"c:\\cds_spb_home\\cdssetup\\psptilibdir\\opa177.lib","ModelType":".model","DeviceType":"q","Source":"FROM_INC","isLibSigned":"true","isAllowed":"true"},{"ModelName":"X_U3.QX","FileName":"c:\\cds_spb_home\\cdssetup\\psptilibdir\\opa177.lib","ModelType":".model","DeviceType":"q","Source":"FROM_INC","isLibSigned":"true","isAllowed":"true"},{"ModelName":"X_U4.QX","FileName":"c:\\cds_spb_home\\cdssetup\\psptilibdir\\opa177.lib","ModelType":".model","DeviceType":"q","Source":"FROM_INC","isLibSigned":"true","isAllowed":"true"},{"ModelName":"X_M1.MD","FileName":"d:\\cadence\\pspiceti\\tools\\pspice\\library\\cdn_psp_tipspice.lib","ModelType":".model","DeviceType":"d","Source":"FROM_INC","isLibSigned":"true","isAllowed":"true"},{"ModelName":"X_M1.MD1","FileName":"d:\\cadence\\pspiceti\\tools\\pspice\\library\\cdn_psp_tipspice.lib","ModelType":".model","DeviceType":"d","Source":"FROM_INC","isLibSigned":"true","isAllowed":"true"},{"ModelName":"X_M1.MD2","FileName":"d:\\cadence\\pspiceti\\tools\\pspice\\library\\cdn_psp_tipspice.lib","ModelType":".model","DeviceType":"d","Source":"FROM_INC","isLibSigned":"true","isAllowed":"true"},{"ModelName":"X_M1.MD3","FileName":"d:\\cadence\\pspiceti\\tools\\pspice\\library\\cdn_psp_tipspice.lib","ModelType":".model","DeviceType":"d","Source":"FROM_INC","isLibSigned":"true","isAllowed":"true"},{"ModelName":"X_M2.MD","FileName":"d:\\cadence\\pspiceti\\tools\\pspice\\library\\cdn_psp_tipspice.lib","ModelType":".model","DeviceType":"d","Source":"FROM_INC","isLibSigned":"true","isAllowed":"true"},{"ModelName":"X_M2.MD1","FileName":"d:\\cadence\\pspiceti\\tools\\pspice\\library\\cdn_psp_tipspice.lib","ModelType":".model","DeviceType":"d","Source":"FROM_INC","isLibSigned":"true","isAllowed":"true"},{"ModelName":"X_M2.MD2","FileName":"d:\\cadence\\pspiceti\\tools\\pspice\\library\\cdn_psp_tipspice.lib","ModelType":".model","DeviceType":"d","Source":"FROM_INC","isLibSigned":"true","isAllowed":"true"},{"ModelName":"X_M2.MD3","FileName":"d:\\cadence\\pspiceti\\tools\\pspice\\library\\cdn_psp_tipspice.lib","ModelType":".model","DeviceType":"d","Source":"FROM_INC","isLibSigned":"true","isAllowed":"true"},{"ModelName":"X_M3.MD","FileName":"d:\\cadence\\pspiceti\\tools\\pspice\\library\\cdn_psp_tipspice.lib","ModelType":".model","DeviceType":"d","Source":"FROM_INC","isLibSigned":"true","isAllowed":"true"},{"ModelName":"X_M3.MD1","FileName":"d:\\cadence\\pspiceti\\tools\\pspice\\library\\cdn_psp_tipspice.lib","ModelType":".model","DeviceType":"d","Source":"FROM_INC","isLibSigned":"true","isAllowed":"true"},{"ModelName":"X_M3.MD2","FileName":"d:\\cadence\\pspiceti\\tools\\pspice\\library\\cdn_psp_tipspice.lib","ModelType":".model","DeviceType":"d","Source":"FROM_INC","isLibSigned":"true","isAllowed":"true"},{"ModelName":"X_M3.MD3","FileName":"d:\\cadence\\pspiceti\\tools\\pspice\\library\\cdn_psp_tipspice.lib","ModelType":".model","DeviceType":"d","Source":"FROM_INC","isLibSigned":"true","isAllowed":"true"},{"ModelName":"X_M4.MD","FileName":"d:\\cadence\\pspiceti\\tools\\pspice\\library\\cdn_psp_tipspice.lib","ModelType":".model","DeviceType":"d","Source":"FROM_INC","isLibSigned":"true","isAllowed":"true"},{"ModelName":"X_M4.MD1","FileName":"d:\\cadence\\pspiceti\\tools\\pspice\\library\\cdn_psp_tipspice.lib","ModelType":".model","DeviceType":"d","Source":"FROM_INC","isLibSigned":"true","isAllowed":"true"},{"ModelName":"X_M4.MD2","FileName":"d:\\cadence\\pspiceti\\tools\\pspice\\library\\cdn_psp_tipspice.lib","ModelType":".model","DeviceType":"d","Source":"FROM_INC","isLibSigned":"true","isAllowed":"true"},{"ModelName":"X_M4.MD3","FileName":"d:\\cadence\\pspiceti\\tools\\pspice\\library\\cdn_psp_tipspice.lib","ModelType":".model","DeviceType":"d","Source":"FROM_INC","isLibSigned":"true","isAllowed":"true"},{"ModelName":"X_M1.MM","FileName":"d:\\cadence\\pspiceti\\tools\\pspice\\library\\cdn_psp_tipspice.lib","ModelType":".model","DeviceType":"m","Source":"FROM_INC","isLibSigned":"true","isAllowed":"true"},{"ModelName":"X_M2.MM","FileName":"d:\\cadence\\pspiceti\\tools\\pspice\\library\\cdn_psp_tipspice.lib","ModelType":".model","DeviceType":"m","Source":"FROM_INC","isLibSigned":"true","isAllowed":"true"},{"ModelName":"X_M3.MM","FileName":"d:\\cadence\\pspiceti\\tools\\pspice\\library\\cdn_psp_tipspice.lib","ModelType":".model","DeviceType":"m","Source":"FROM_INC","isLibSigned":"true","isAllowed":"true"},{"ModelName":"X_M4.MM","FileName":"d:\\cadence\\pspiceti\\tools\\pspice\\library\\cdn_psp_tipspice.lib","ModelType":".model","DeviceType":"m","Source":"FROM_INC","isLibSigned":"true","isAllowed":"true"},{"ModelName":"BC847C","FileName":"d:\\cadence\\pspiceti\\tools\\pspice\\library\\cdn_psp_tipspice.lib","ModelType":".model","DeviceType":"q","Source":"FROM_INC","isLibSigned":"true","isAllowed":"true"},{"ModelName":"BC857C","FileName":"d:\\cadence\\pspiceti\\tools\\pspice\\library\\cdn_psp_tipspice.lib","ModelType":".model","DeviceType":"q","Source":"FROM_INC","isLibSigned":"true","isAllowed":"true"}]}}